INSERT INTO Reason (id, description) VALUES (1, 'ocio');
INSERT INTO Reason (id, description) VALUES (3, 'trabajo');

INSERT INTO User (username, password) VALUES ('martamrp', '$2a$10$apXS9/d/yVwTots7nl4WAetxBm7JJYK4A9KgVnI/Nbjcbrna6f/wq');
INSERT INTO User (username, password) VALUES ('adrian', '$2a$10$apXS9/d/yVwTots7nl4WAetxBm7JJYK4A9KgVnI/Nbjcbrna6f/wq');
INSERT INTO User (username, password) VALUES ('antonio', '$2a$10$MjRg.BUCDku9SG2bpU6wzu2hlDcbm6IAubZuoxjy6V0ycsMSkyWtm');
INSERT INTO User (username, password) VALUES ('maria', '$2a$10$MjRg.BUCDku9SG2bpU6wzu2hlDcbm6IAubZuoxjy6V0ycsMSkyWtm');
INSERT INTO User (username, password) VALUES ('Tania', '$2a$10$MjRg.BUCDku9SG2bpU6wzu2hlDcbm6IAubZuoxjy6V0ycsMSkyWtm');
INSERT INTO User (username, password) VALUES ('Patri', '$2a$10$MjRg.BUCDku9SG2bpU6wzu2hlDcbm6IAubZuoxjy6V0ycsMSkyWtm');
INSERT INTO User (username, password) VALUES ('fdgddg', '$2a$10$MjRg.BUCDku9SG2bpU6wzu2hlDcbm6IAubZuoxjy6V0ycsMSkyWtm');
INSERT INTO User (username, password) VALUES ('dggd', '$2a$10$MjRg.BUCDku9SG2bpU6wzu2hlDcbm6IAubZuoxjy6V0ycsMSkyWtm');
INSERT INTO User (username, password) VALUES ('gjgj', '$2a$10$MjRg.BUCDku9SG2bpU6wzu2hlDcbm6IAubZuoxjy6V0ycsMSkyWtm');
INSERT INTO User (username, password) VALUES ('ggd', '$2a$10$MjRg.BUCDku9SG2bpU6wzu2hlDcbm6IAubZuoxjy6V0ycsMSkyWtm');
INSERT INTO User (username, password) VALUES ('hjjh', '$2a$10$MjRg.BUCDku9SG2bpU6wzu2hlDcbm6IAubZuoxjy6V0ycsMSkyWtm');
INSERT INTO User (username, password) VALUES ('adri', '$2a$10$MjRg.BUCDku9SG2bpU6wzu2hlDcbm6IAubZuoxjy6V0ycsMSkyWtm');
INSERT INTO User (username, password) VALUES ('dfdsfas', '$2a$10$MjRg.BUCDku9SG2bpU6wzu2hlDcbm6IAubZuoxjy6V0ycsMSkyWtm');
INSERT INTO User (username, password) VALUES ('arena', '$2a$10$MjRg.BUCDku9SG2bpU6wzu2hlDcbm6IAubZuoxjy6V0ycsMSkyWtm');
INSERT INTO User (username, password) VALUES ('ruben', '$2a$10$MjRg.BUCDku9SG2bpU6wzu2hlDcbm6IAubZuoxjy6V0ycsMSkyWtm');
INSERT INTO User (username, password) VALUES ('dfssdf', '$2a$10$MjRg.BUCDku9SG2bpU6wzu2hlDcbm6IAubZuoxjy6V0ycsMSkyWtm');
INSERT INTO User (username, password) VALUES ('Marta', '$2a$10$MjRg.BUCDku9SG2bpU6wzu2hlDcbm6IAubZuoxjy6V0ycsMSkyWtm');
INSERT INTO User (username, password) VALUES ('marta', '$2a$10$MjRg.BUCDku9SG2bpU6wzu2hlDcbm6IAubZuoxjy6V0ycsMSkyWtm');
INSERT INTO User (username, password) VALUES ('Marina', '$2a$10$MjRg.BUCDku9SG2bpU6wzu2hlDcbm6IAubZuoxjy6V0ycsMSkyWtm');
INSERT INTO User (username, password) VALUES ('rubenl', '$2a$10$MjRg.BUCDku9SG2bpU6wzu2hlDcbm6IAubZuoxjy6V0ycsMSkyWtm');
INSERT INTO User (username, password) VALUES ('Veropr', '$2a$10$MjRg.BUCDku9SG2bpU6wzu2hlDcbm6IAubZuoxjy6V0ycsMSkyWtm');
INSERT INTO User (username, password) VALUES ('evinha88', '$2a$10$MjRg.BUCDku9SG2bpU6wzu2hlDcbm6IAubZuoxjy6V0ycsMSkyWtm');
INSERT INTO User (username, password) VALUES ('patricia', '$2a$10$MjRg.BUCDku9SG2bpU6wzu2hlDcbm6IAubZuoxjy6V0ycsMSkyWtm');
INSERT INTO User (username, password) VALUES ('Belen', '$2a$10$MjRg.BUCDku9SG2bpU6wzu2hlDcbm6IAubZuoxjy6V0ycsMSkyWtm');
INSERT INTO User (username, password) VALUES ('sebas', '$2a$10$MjRg.BUCDku9SG2bpU6wzu2hlDcbm6IAubZuoxjy6V0ycsMSkyWtm');
INSERT INTO User (username, password) VALUES ('lydia', '$2a$10$MjRg.BUCDku9SG2bpU6wzu2hlDcbm6IAubZuoxjy6V0ycsMSkyWtm');
INSERT INTO User (username, password) VALUES ('admin', '$2a$10$MjRg.BUCDku9SG2bpU6wzu2hlDcbm6IAubZuoxjy6V0ycsMSkyWtm');
INSERT INTO User (username, password) VALUES ('user', '$2a$10$MjRg.BUCDku9SG2bpU6wzu2hlDcbm6IAubZuoxjy6V0ycsMSkyWtm');
INSERT INTO User (username, password) VALUES ('user', '$2a$10$MjRg.BUCDku9SG2bpU6wzu2hlDcbm6IAubZuoxjy6V0ycsMSkyWtm');
INSERT INTO User (username, password) VALUES ('mrp', '$2a$10$MjRg.BUCDku9SG2bpU6wzu2hlDcbm6IAubZuoxjy6V0ycsMSkyWtm');
INSERT INTO User (username, password) VALUES ('anxoprol@gmail.com', '$2a$10$MjRg.BUCDku9SG2bpU6wzu2hlDcbm6IAubZuoxjy6V0ycsMSkyWtm');

INSERT INTO Trip (userId,reasonId,origin,destination,startDate,endDate,price,originCountry,destinationCountry) VALUES (1,1, 'Madrid', 'Singapur','2019-06-20','2019-06-23',316 , 'ES', 'SG');
INSERT INTO Trip (userId,reasonId,origin,destination,startDate,endDate,price,originCountry,destinationCountry) VALUES (1,1, 'Santiago de Compostela', 'Selva Negra','2018-09-01','2018-09-17',1500 , 'ES', 'DE');
INSERT INTO Trip (userId,reasonId,origin,destination,startDate,endDate,price,originCountry,destinationCountry) VALUES (1,1, 'Santiago de Compostela', 'Chamonix','2019-05-01','2019-05-06',450 , 'ES', 'FR');
INSERT INTO Trip (userId,reasonId,origin,destination,startDate,endDate,price,originCountry,destinationCountry) VALUES (1,1, 'Yogyakarta', 'Kuala Lumpur','2019-06-23','2019-07-15',2123 , 'ID', 'MY');
INSERT INTO Trip (userId,reasonId,origin,destination,startDate,endDate,price,originCountry,destinationCountry) VALUES (1,1, 'Kuala Lumpur', 'Sri Lanka','2019-07-15','2019-07-27',1500 , 'MY', 'LK');
INSERT INTO Trip (userId,reasonId,origin,destination,startDate,endDate,price,originCountry,destinationCountry) VALUES (1,1, 'Singapur', 'Yogyakarta','2019-06-23','2019-06-23',124 , 'SG', 'ID');
INSERT INTO Trip (userId,reasonId,origin,destination,startDate,endDate,price,originCountry,destinationCountry) VALUES (1,1, 'Santiago de Compostela', 'París','2018-10-05','2018-10-07',499 , 'ES', 'FR');
INSERT INTO Trip (userId,reasonId,origin,destination,startDate,endDate,price,originCountry,destinationCountry) VALUES (1,1, 'Santiago de Compostela', 'Polonia','2018-07-14','2018-07-23',910 , 'ES', 'PL');
INSERT INTO Trip (userId,reasonId,origin,destination,startDate,endDate,price,originCountry,destinationCountry) VALUES (1,1, 'A Coruña', 'Picos de Europa','2018-05-16','2018-05-20',411 , 'ES', 'ES');
INSERT INTO Trip (userId,reasonId,origin,destination,startDate,endDate,price,originCountry,destinationCountry) VALUES (1,1, 'A Coruña', 'Londres','2018-03-29','2018-04-01',350 , 'ES', 'GB');
INSERT INTO Trip (userId,reasonId,origin,destination,startDate,endDate,price,originCountry,destinationCountry) VALUES (1,1, 'Santiago de Compostela', 'Sevilla','2017-12-08','2017-12-10',324 , 'ES', 'ES');
INSERT INTO Trip (userId,reasonId,origin,destination,startDate,endDate,price,originCountry,destinationCountry) VALUES (1,1, 'Santiago de Compostela', 'Praga','2017-11-11','2017-11-14',529 , 'ES', 'CZ');
INSERT INTO Trip (userId,reasonId,origin,destination,startDate,endDate,price,originCountry,destinationCountry) VALUES (1,1, 'Santiago de Compostela', 'Croacia','2017-10-20','2017-10-29',989 , 'ES', 'HR');
INSERT INTO Trip (userId,reasonId,origin,destination,startDate,endDate,price,originCountry,destinationCountry) VALUES (1,1, 'Santiago de Compostela', 'Oporto','2017-09-09','2017-09-10',120 , 'ES', 'PT');
INSERT INTO Trip (userId,reasonId,origin,destination,startDate,endDate,price,originCountry,destinationCountry) VALUES (1,1, 'Santiago de Compostela', 'Jordania','2017-05-11','2017-05-21',1658 , 'ES', 'JO');
INSERT INTO Trip (userId,reasonId,origin,destination,startDate,endDate,price,originCountry,destinationCountry) VALUES (1,1, 'Santiago de Compostela', 'Munich','2017-04-20','2017-04-27',855 , 'ES', 'DE');
INSERT INTO Trip (userId,reasonId,origin,destination,startDate,endDate,price,originCountry,destinationCountry) VALUES (1,1, 'Santiago de Compostela', 'Ponferrada','2016-10-07','2016-10-09',205 , 'ES', 'ES');
INSERT INTO Trip (userId,reasonId,origin,destination,startDate,endDate,price,originCountry,destinationCountry) VALUES (1,1, 'Santiago de Compostela', 'México','2016-05-13','2016-05-24',1324 , 'ES', 'MX');
INSERT INTO Trip (userId,reasonId,origin,destination,startDate,endDate,price,originCountry,destinationCountry) VALUES (1,1, 'Santiago de Compostela', 'Málaga','2015-08-24','2015-08-31',784 , 'ES', 'ES');
INSERT INTO Trip (userId,reasonId,origin,destination,startDate,endDate,price,originCountry,destinationCountry) VALUES (1,1, 'Santiago de Compostela', 'Formentera','2015-06-05','2015-06-13',897 , 'ES', 'ES');
INSERT INTO Trip (userId,reasonId,origin,destination,startDate,endDate,price,originCountry,destinationCountry) VALUES (1,1, 'Santiago de Compostela', 'Punta Cana','2013-09-15','2013-09-22',1105 , 'ES', 'DO');
INSERT INTO Trip (userId,reasonId,origin,destination,startDate,endDate,price,originCountry,destinationCountry) VALUES (1,1, 'Santiago de Compostela', 'Cantabria','2012-08-17','2012-08-21',516 , 'ES', 'ES');
INSERT INTO Trip (userId,reasonId,origin,destination,startDate,endDate,price,originCountry,destinationCountry) VALUES (1,1, 'Santiago de Compostela', 'Lanzarote','2019-04-08','2019-04-14',497 , 'ES', 'ES');
INSERT INTO Trip (userId,reasonId,origin,destination,startDate,endDate,price,originCountry,destinationCountry) VALUES (1,1, 'A Coruña', 'Salou','2018-07-01','2018-07-08',250 , 'ES', 'ES');
INSERT INTO Trip (userId,reasonId,origin,destination,startDate,endDate,price,originCountry,destinationCountry) VALUES (14,3, 'o pino', 'a pobra','2019-11-01','2019-11-03',50 , 'ES', 'ES');
INSERT INTO Trip (userId,reasonId,origin,destination,startDate,endDate,price,originCountry,destinationCountry) VALUES (12,1, 'Santiago de Compostela', 'Singapur','2019-11-01','2019-12-12',3500 , 'ES', 'SG');
INSERT INTO Trip (userId,reasonId,origin,destination,startDate,endDate,price,originCountry,destinationCountry) VALUES (2,3, 'Santiago', 'Paris','2019-11-01','2019-11-03',450 , 'ES', 'FR');
INSERT INTO Trip (userId,reasonId,origin,destination,startDate,endDate,price,originCountry,destinationCountry) VALUES (2,1, 'Santiago', 'Munich','2019-10-01','2019-11-09',758 , 'ES', 'DE');
INSERT INTO Trip (userId,reasonId,origin,destination,startDate,endDate,price,originCountry,destinationCountry) VALUES (15,3, 'Vigo', 'Londres','2017-01-21','2021-02-02',88945 , 'PT', 'GB');
INSERT INTO Trip (userId,reasonId,origin,destination,startDate,endDate,price,originCountry,destinationCountry) VALUES (15,1, 'Londres', 'Cracovia','2019-06-13','2019-06-17',1000 , 'GB', 'PL');
INSERT INTO Trip (userId,reasonId,origin,destination,startDate,endDate,price,originCountry,destinationCountry) VALUES (1,1, 'Estrasburgo', 'Luxemburgo','2018-09-09','2018-09-09',105 , 'FR', 'LU');
INSERT INTO Trip (userId,reasonId,origin,destination,startDate,endDate,price,originCountry,destinationCountry) VALUES (1,1, 'Trento', 'Bled','2017-10-20','2017-10-23',427 , 'IT', 'SI');
INSERT INTO Trip (userId,reasonId,origin,destination,startDate,endDate,price,originCountry,destinationCountry) VALUES (1,1, 'Viena', 'Bratislava','2017-11-17','2017-11-17',63 , 'AT', 'SK');
INSERT INTO Trip (userId,reasonId,origin,destination,startDate,endDate,price,originCountry,destinationCountry) VALUES (1,1, 'Praga', 'Viena','2017-11-14','2017-11-20',625 , 'CZ', 'AT');
INSERT INTO Trip (userId,reasonId,origin,destination,startDate,endDate,price,originCountry,destinationCountry) VALUES (1,1, 'Santiago de Compostela', 'Venecia','1995-04-15','1995-04-19',716 , 'ES', 'IT');
INSERT INTO Trip (userId,reasonId,origin,destination,startDate,endDate,price,originCountry,destinationCountry) VALUES (1,1, 'Santiago de Compostela', 'Estambul','2013-02-10','2013-02-16',1103 , 'ES', 'TR');
INSERT INTO Trip (userId,reasonId,origin,destination,startDate,endDate,price,originCountry,destinationCountry) VALUES (1,1, 'Santiago de Compostela', 'Bruselas','2016-07-20','2016-07-27',745 , 'ES', 'BE');
INSERT INTO Trip (userId,reasonId,origin,destination,startDate,endDate,price,originCountry,destinationCountry) VALUES (1,1, 'Oporto', 'Amsterdam','2013-07-20','2013-07-23',526 , 'PT', 'NL');
INSERT INTO Trip (userId,reasonId,origin,destination,startDate,endDate,price,originCountry,destinationCountry) VALUES (1,1, 'Eindhoven', 'Budapest','2013-07-23','2013-07-27',578 , 'NL', 'hu');
INSERT INTO Trip (userId,reasonId,origin,destination,startDate,endDate,price,originCountry,destinationCountry) VALUES (1,3, 'A Coruña', 'Zaragoza','2015-11-27','2015-11-29',120 , 'ES', 'ES');
INSERT INTO Trip (userId,reasonId,origin,destination,startDate,endDate,price,originCountry,destinationCountry) VALUES (1,1, 'A Coruña', 'Barcelona','2017-11-25','2017-11-26',268 , 'ES', 'ES');
INSERT INTO Trip (userId,reasonId,origin,destination,startDate,endDate,price,originCountry,destinationCountry) VALUES (1,3, 'Santiago de Compostela', 'Valladolid','2015-07-18','2015-07-19',35 , 'ES', 'ES');
INSERT INTO Trip (userId,reasonId,origin,destination,startDate,endDate,price,originCountry,destinationCountry) VALUES (2,1, 'Santiago', 'Cancun','2019-12-01','2019-12-13',1354 , 'ES', 'MX');
INSERT INTO Trip (userId,reasonId,origin,destination,startDate,endDate,price,originCountry,destinationCountry) VALUES (2,1, 'Santiago', 'Roma','2019-12-01','2019-12-09',875 , 'ES', 'IT');
INSERT INTO Trip (userId,reasonId,origin,destination,startDate,endDate,price,originCountry,destinationCountry) VALUES (2,1, 'Santiago', 'Varsovia','2019-12-01','2019-12-09',870 , 'ES', 'PL');
INSERT INTO Trip (userId,reasonId,origin,destination,startDate,endDate,price,originCountry,destinationCountry) VALUES (2,1, 'Santiago', 'Viena','2019-11-30','2019-11-30',0 , 'ES', 'AT');
INSERT INTO Trip (userId,reasonId,origin,destination,startDate,endDate,price,originCountry,destinationCountry) VALUES (2,1, 'Santiago', 'Praga','2019-11-30','2019-12-08',900 , 'ES', 'CZ');
INSERT INTO Trip (userId,reasonId,origin,destination,startDate,endDate,price,originCountry,destinationCountry) VALUES (2,1, 'Santiago', 'Bratislava','2019-11-30','2019-11-30',0 , 'ES', 'SK');
INSERT INTO Trip (userId,reasonId,origin,destination,startDate,endDate,price,originCountry,destinationCountry) VALUES (2,1, 'Santiago', 'Londres','2019-10-30','2019-12-01',250 , 'ES', 'GB');
INSERT INTO Trip (userId,reasonId,origin,destination,startDate,endDate,price,originCountry,destinationCountry) VALUES (2,1, 'Santiago', 'Los Angeles','2020-05-30','2020-06-21',2300 , 'ES', 'US');
INSERT INTO Trip (userId,reasonId,origin,destination,startDate,endDate,price,originCountry,destinationCountry) VALUES (2,1, 'Santiago', 'Punta Cana','2019-11-30','2019-12-07',1200 , 'ES', 'DO');
INSERT INTO Trip (userId,reasonId,origin,destination,startDate,endDate,price,originCountry,destinationCountry) VALUES (2,1, 'Santiago', 'Singapur','2019-12-01','2019-12-01',0 , 'ES', 'SG');
INSERT INTO Trip (userId,reasonId,origin,destination,startDate,endDate,price,originCountry,destinationCountry) VALUES (2,1, 'Santiago', 'Yogyakarta','2019-06-20','2019-07-27',4000 , 'ES', 'ID');
INSERT INTO Trip (userId,reasonId,origin,destination,startDate,endDate,price,originCountry,destinationCountry) VALUES (2,1, 'Santiago', 'Ginebra','2019-05-01','2019-05-05',250 , 'ES', 'CH');
INSERT INTO Trip (userId,reasonId,origin,destination,startDate,endDate,price,originCountry,destinationCountry) VALUES (2,3, 'Santiago', 'Lisboa','2019-09-12','2019-09-15',300 , 'ES', 'PT');
INSERT INTO Trip (userId,reasonId,origin,destination,startDate,endDate,price,originCountry,destinationCountry) VALUES (2,1, 'Santiago', 'Kuala Lumpur','2019-12-01','2019-12-01',0 , 'MY', 'MY');
INSERT INTO Trip (userId,reasonId,origin,destination,startDate,endDate,price,originCountry,destinationCountry) VALUES (2,1, 'Santiago', 'Bled','2019-11-30','2019-12-08',857 , 'ES', 'SI');
INSERT INTO Trip (userId,reasonId,origin,destination,startDate,endDate,price,originCountry,destinationCountry) VALUES (2,1, 'Santiago', 'Split','2019-12-01','2019-12-01',0 , 'ES', 'HR');
INSERT INTO Trip (userId,reasonId,origin,destination,startDate,endDate,price,originCountry,destinationCountry) VALUES (2,1, 'Santiago', 'Ella','2019-12-01','2019-12-01',0 , 'ES', 'LK');
INSERT INTO Trip (userId,reasonId,origin,destination,startDate,endDate,price,originCountry,destinationCountry) VALUES (2,1, 'Santiago', 'Frankfurt','2018-09-01','2018-09-17',1450 , 'ES', 'DE');
INSERT INTO Trip (userId,reasonId,origin,destination,startDate,endDate,price,originCountry,destinationCountry) VALUES (2,1, 'Santiago', 'Luxemburgo','2019-12-01','2019-12-01',0 , 'ES', 'LU');
INSERT INTO Trip (userId,reasonId,origin,destination,startDate,endDate,price,originCountry,destinationCountry) VALUES (2,1, 'Santiago', 'Gante','2019-12-01','2019-12-01',0 , 'ES', 'BE');
INSERT INTO Trip (userId,reasonId,origin,destination,startDate,endDate,price,originCountry,destinationCountry) VALUES (2,1, 'Santiago', 'Maastricht','2019-12-08','2019-12-08',0 , 'ES', 'NL');
INSERT INTO Trip (userId,reasonId,origin,destination,startDate,endDate,price,originCountry,destinationCountry) VALUES (2,1, 'Santiago', 'Amman','2019-11-30','2019-12-08',1800 , 'ES', 'JO');
INSERT INTO Trip (userId,reasonId,origin,destination,startDate,endDate,price,originCountry,destinationCountry) VALUES (22,1, 'BARCELONA', 'ESTAMBUL','2016-11-05','2016-11-10',600 , 'ES', 'TR');
INSERT INTO Trip (userId,reasonId,origin,destination,startDate,endDate,price,originCountry,destinationCountry) VALUES (23,1, 'Madrid', 'Nueva York','2019-12-30','2020-01-04',2000 , 'ES', 'US');
INSERT INTO Trip (userId,reasonId,origin,destination,startDate,endDate,price,originCountry,destinationCountry) VALUES (26,1, 'A Coruña', 'Santiago','2019-10-12','2019-12-09',30 , 'ES', 'ES');
INSERT INTO Trip (userId,reasonId,origin,destination,startDate,endDate,price,originCountry,destinationCountry) VALUES (26,1, 'A Coruña', 'visantoña','2012-03-12','2012-04-15',5 , 'AD', 'AL');
INSERT INTO Trip (userId,reasonId,origin,destination,startDate,endDate,price,originCountry,destinationCountry) VALUES (25,1, 'Madrid', 'Bangkok','2017-10-15','2017-11-05',300 , 'ES', 'TH');
INSERT INTO Trip (userId,reasonId,origin,destination,startDate,endDate,price,originCountry,destinationCountry) VALUES (22,1, 'BARCELONA', 'TOKIO','2010-07-26','2010-11-11',2000 , 'ES', 'JP');
INSERT INTO Trip (userId,reasonId,origin,destination,startDate,endDate,price,originCountry,destinationCountry) VALUES (22,1, 'TOKIO', 'TORONTO','2010-11-11','2010-11-30',1500 , 'JP', 'CA');
INSERT INTO Trip (userId,reasonId,origin,destination,startDate,endDate,price,originCountry,destinationCountry) VALUES (22,1, 'TORONTO', 'NEW YORK','2010-11-30','2011-02-01',3000 , 'CA', 'US');
INSERT INTO Trip (userId,reasonId,origin,destination,startDate,endDate,price,originCountry,destinationCountry) VALUES (22,1, 'MADRID', 'TIMBU','2017-03-01','2017-04-01',2000 , 'ES', 'BT');
INSERT INTO Trip (userId,reasonId,origin,destination,startDate,endDate,price,originCountry,destinationCountry) VALUES (27,3, 'mi kel neno', 'akibahara','2029-01-21','2029-02-22',1 , 'SI', 'JP');
INSERT INTO Trip (userId,reasonId,origin,destination,startDate,endDate,price,originCountry,destinationCountry) VALUES (28,1, 'santiago', 'cuba','2020-04-24','2020-05-13',1500 , 'ES', 'CU');
INSERT INTO Trip (userId,reasonId,origin,destination,startDate,endDate,price,originCountry,destinationCountry) VALUES (31,3, 'Porto', 'Vila Nova de Gaia','2019-12-18','2019-12-18',1 , 'PT', 'PT');
INSERT INTO Trip (userId,reasonId,origin,destination,startDate,endDate,price,originCountry,destinationCountry) VALUES (31,3, 'Porto', 'Santiago','2019-12-18','2019-12-19',45 , 'PT', 'ES');
INSERT INTO Trip (userId,reasonId,origin,destination,startDate,endDate,price,originCountry,destinationCountry) VALUES (31,1, 'Amsterdam', 'Berlin','2019-12-20','2019-12-24',450 , 'NL', 'DE');