INSERT INTO reason (id, description) VALUES (1, 'ocio');
INSERT INTO reason (id, description) VALUES (3, 'trabajo');

INSERT INTO user (username, password) VALUES ('martamrp', '$2a$10$apXS9/d/yVwTots7nl4WAetxBm7JJYK4A9KgVnI/Nbjcbrna6f/wq');
INSERT INTO user (username, password) VALUES ('adrian', '$2a$10$apXS9/d/yVwTots7nl4WAetxBm7JJYK4A9KgVnI/Nbjcbrna6f/wq');
INSERT INTO user (username, password) VALUES ('antonio', '$2a$10$MjRg.BUCDku9SG2bpU6wzu2hlDcbm6IAubZuoxjy6V0ycsMSkyWtm');
INSERT INTO user (username, password) VALUES ('maria', '$2a$10$MjRg.BUCDku9SG2bpU6wzu2hlDcbm6IAubZuoxjy6V0ycsMSkyWtm');
INSERT INTO user (username, password) VALUES ('Tania', '$2a$10$MjRg.BUCDku9SG2bpU6wzu2hlDcbm6IAubZuoxjy6V0ycsMSkyWtm');
INSERT INTO user (username, password) VALUES ('Patri', '$2a$10$MjRg.BUCDku9SG2bpU6wzu2hlDcbm6IAubZuoxjy6V0ycsMSkyWtm');
INSERT INTO user (username, password) VALUES ('fdgddg', '$2a$10$MjRg.BUCDku9SG2bpU6wzu2hlDcbm6IAubZuoxjy6V0ycsMSkyWtm');
INSERT INTO user (username, password) VALUES ('dggd', '$2a$10$MjRg.BUCDku9SG2bpU6wzu2hlDcbm6IAubZuoxjy6V0ycsMSkyWtm');
INSERT INTO user (username, password) VALUES ('gjgj', '$2a$10$MjRg.BUCDku9SG2bpU6wzu2hlDcbm6IAubZuoxjy6V0ycsMSkyWtm');
INSERT INTO user (username, password) VALUES ('ggd', '$2a$10$MjRg.BUCDku9SG2bpU6wzu2hlDcbm6IAubZuoxjy6V0ycsMSkyWtm');
INSERT INTO user (username, password) VALUES ('hjjh', '$2a$10$MjRg.BUCDku9SG2bpU6wzu2hlDcbm6IAubZuoxjy6V0ycsMSkyWtm');
INSERT INTO user (username, password) VALUES ('adri', '$2a$10$MjRg.BUCDku9SG2bpU6wzu2hlDcbm6IAubZuoxjy6V0ycsMSkyWtm');
INSERT INTO user (username, password) VALUES ('dfdsfas', '$2a$10$MjRg.BUCDku9SG2bpU6wzu2hlDcbm6IAubZuoxjy6V0ycsMSkyWtm');
INSERT INTO user (username, password) VALUES ('arena', '$2a$10$MjRg.BUCDku9SG2bpU6wzu2hlDcbm6IAubZuoxjy6V0ycsMSkyWtm');
INSERT INTO user (username, password) VALUES ('ruben', '$2a$10$MjRg.BUCDku9SG2bpU6wzu2hlDcbm6IAubZuoxjy6V0ycsMSkyWtm');
INSERT INTO user (username, password) VALUES ('dfssdf', '$2a$10$MjRg.BUCDku9SG2bpU6wzu2hlDcbm6IAubZuoxjy6V0ycsMSkyWtm');
INSERT INTO user (username, password) VALUES ('Marta', '$2a$10$MjRg.BUCDku9SG2bpU6wzu2hlDcbm6IAubZuoxjy6V0ycsMSkyWtm');
INSERT INTO user (username, password) VALUES ('marta', '$2a$10$MjRg.BUCDku9SG2bpU6wzu2hlDcbm6IAubZuoxjy6V0ycsMSkyWtm');
INSERT INTO user (username, password) VALUES ('Marina', '$2a$10$MjRg.BUCDku9SG2bpU6wzu2hlDcbm6IAubZuoxjy6V0ycsMSkyWtm');
INSERT INTO user (username, password) VALUES ('rubenl', '$2a$10$MjRg.BUCDku9SG2bpU6wzu2hlDcbm6IAubZuoxjy6V0ycsMSkyWtm');
INSERT INTO user (username, password) VALUES ('Veropr', '$2a$10$MjRg.BUCDku9SG2bpU6wzu2hlDcbm6IAubZuoxjy6V0ycsMSkyWtm');
INSERT INTO user (username, password) VALUES ('evinha88', '$2a$10$MjRg.BUCDku9SG2bpU6wzu2hlDcbm6IAubZuoxjy6V0ycsMSkyWtm');
INSERT INTO user (username, password) VALUES ('patricia', '$2a$10$MjRg.BUCDku9SG2bpU6wzu2hlDcbm6IAubZuoxjy6V0ycsMSkyWtm');
INSERT INTO user (username, password) VALUES ('Belen', '$2a$10$MjRg.BUCDku9SG2bpU6wzu2hlDcbm6IAubZuoxjy6V0ycsMSkyWtm');
INSERT INTO user (username, password) VALUES ('sebas', '$2a$10$MjRg.BUCDku9SG2bpU6wzu2hlDcbm6IAubZuoxjy6V0ycsMSkyWtm');
INSERT INTO user (username, password) VALUES ('lydia', '$2a$10$MjRg.BUCDku9SG2bpU6wzu2hlDcbm6IAubZuoxjy6V0ycsMSkyWtm');
INSERT INTO user (username, password) VALUES ('admin', '$2a$10$MjRg.BUCDku9SG2bpU6wzu2hlDcbm6IAubZuoxjy6V0ycsMSkyWtm');
INSERT INTO user (username, password) VALUES ('user', '$2a$10$MjRg.BUCDku9SG2bpU6wzu2hlDcbm6IAubZuoxjy6V0ycsMSkyWtm');
INSERT INTO user (username, password) VALUES ('user', '$2a$10$MjRg.BUCDku9SG2bpU6wzu2hlDcbm6IAubZuoxjy6V0ycsMSkyWtm');
INSERT INTO user (username, password) VALUES ('mrp', '$2a$10$MjRg.BUCDku9SG2bpU6wzu2hlDcbm6IAubZuoxjy6V0ycsMSkyWtm');
INSERT INTO user (username, password) VALUES ('anxoprol@gmail.com', '$2a$10$MjRg.BUCDku9SG2bpU6wzu2hlDcbm6IAubZuoxjy6V0ycsMSkyWtm');

INSERT INTO trip (userId, reasonId, origin, destination, startDate, endDate, price, originCountry, destinationCountry) VALUES (1,1,'Madrid','Singapur','20/06/2019','23/06/2019',316,'es','sg');
INSERT INTO trip (userId, reasonId, origin, destination, startDate, endDate, price, originCountry, destinationCountry) VALUES (1,1,'Santiago de Compostela','Selva Negra','01/09/2018','17/09/2018',1500,'es','de');
INSERT INTO trip (userId, reasonId, origin, destination, startDate, endDate, price, originCountry, destinationCountry) VALUES (1,1,'Santiago de Compostela','Chamonix','01/05/2019','06/05/2019',450,'es','fr');
INSERT INTO trip (userId, reasonId, origin, destination, startDate, endDate, price, originCountry, destinationCountry) VALUES (1,1,'Yogyakarta','Kuala Lumpur','23/06/2019','15/07/2019',2123,'id','my');
INSERT INTO trip (userId, reasonId, origin, destination, startDate, endDate, price, originCountry, destinationCountry) VALUES (1,1,'Kuala Lumpur','Sri Lanka','15/07/2019','27/07/2019',1500,'my','lk');
INSERT INTO trip (userId, reasonId, origin, destination, startDate, endDate, price, originCountry, destinationCountry) VALUES (1,1,'Singapur','Yogyakarta','23/06/2019','23/06/2019',124,'sg','id');
INSERT INTO trip (userId, reasonId, origin, destination, startDate, endDate, price, originCountry, destinationCountry) VALUES (1,1,'Santiago de Compostela','París','05/10/2018','07/10/2018',499,'es','fr');
INSERT INTO trip (userId, reasonId, origin, destination, startDate, endDate, price, originCountry, destinationCountry) VALUES (1,1,'Santiago de Compostela','Polonia','14/07/2018','23/07/2018',910,'es','pl');
INSERT INTO trip (userId, reasonId, origin, destination, startDate, endDate, price, originCountry, destinationCountry) VALUES (1,1,'A Coruña','Picos de Europa','16/05/2018','20/05/2018',411,'es','es');
INSERT INTO trip (userId, reasonId, origin, destination, startDate, endDate, price, originCountry, destinationCountry) VALUES (1,1,'A Coruña','Londres','29/03/2018','01/04/2018',350,'es','gb');
INSERT INTO trip (userId, reasonId, origin, destination, startDate, endDate, price, originCountry, destinationCountry) VALUES (1,1,'Santiago de Compostela','Sevilla','08/12/2017','10/12/2017',324,'es','es');
INSERT INTO trip (userId, reasonId, origin, destination, startDate, endDate, price, originCountry, destinationCountry) VALUES (1,1,'Santiago de Compostela','Praga','11/11/2017','14/11/2017',529,'es','cz');
INSERT INTO trip (userId, reasonId, origin, destination, startDate, endDate, price, originCountry, destinationCountry) VALUES (1,1,'Santiago de Compostela','Croacia','20/10/2017','29/10/2017',989,'es','hr');
INSERT INTO trip (userId, reasonId, origin, destination, startDate, endDate, price, originCountry, destinationCountry) VALUES (1,1,'Santiago de Compostela','Oporto','09/09/2017','10/09/2017',120,'es','pt');
INSERT INTO trip (userId, reasonId, origin, destination, startDate, endDate, price, originCountry, destinationCountry) VALUES (1,1,'Santiago de Compostela','Jordania','11/05/2017','21/05/2017',1658,'es','jo');
INSERT INTO trip (userId, reasonId, origin, destination, startDate, endDate, price, originCountry, destinationCountry) VALUES (1,1,'Santiago de Compostela','Munich','20/04/2017','27/04/2017',855,'es','de');
INSERT INTO trip (userId, reasonId, origin, destination, startDate, endDate, price, originCountry, destinationCountry) VALUES (1,1,'Santiago de Compostela','Ponferrada','07/10/2016','09/10/2016',205,'es','es');
INSERT INTO trip (userId, reasonId, origin, destination, startDate, endDate, price, originCountry, destinationCountry) VALUES (1,1,'Santiago de Compostela','México','13/05/2016','24/05/2016',1324,'es','mx');
INSERT INTO trip (userId, reasonId, origin, destination, startDate, endDate, price, originCountry, destinationCountry) VALUES (1,1,'Santiago de Compostela','Málaga','24/08/2015','31/08/2015',784,'es','es');
INSERT INTO trip (userId, reasonId, origin, destination, startDate, endDate, price, originCountry, destinationCountry) VALUES (1,1,'Santiago de Compostela','Formentera','05/06/2015','13/06/2015',897,'es','es');
INSERT INTO trip (userId, reasonId, origin, destination, startDate, endDate, price, originCountry, destinationCountry) VALUES (1,1,'Santiago de Compostela','Punta Cana','15/09/2013','22/09/2013',1105,'es','do');
INSERT INTO trip (userId, reasonId, origin, destination, startDate, endDate, price, originCountry, destinationCountry) VALUES (1,1,'Santiago de Compostela','Cantabria','17/08/2012','21/08/2012',516,'es','es');
INSERT INTO trip (userId, reasonId, origin, destination, startDate, endDate, price, originCountry, destinationCountry) VALUES (1,1,'Santiago de Compostela','Lanzarote','08/04/2019','14/04/2019',497,'es','es');
INSERT INTO trip (userId, reasonId, origin, destination, startDate, endDate, price, originCountry, destinationCountry) VALUES (1,1,'A Coruña','Salou','01/07/2018','08/07/2018',250,'es','es');
INSERT INTO trip (userId, reasonId, origin, destination, startDate, endDate, price, originCountry, destinationCountry) VALUES (14,3,'o pino','a pobra','01/11/2019','03/11/2019',50,'es','es');
INSERT INTO trip (userId, reasonId, origin, destination, startDate, endDate, price, originCountry, destinationCountry) VALUES (12,1,'Santiago de Compostela','Singapur','01/11/2019','12/12/2019',3500,'es','sg');
INSERT INTO trip (userId, reasonId, origin, destination, startDate, endDate, price, originCountry, destinationCountry) VALUES (2,3,'Santiago','Paris','01/11/2019','03/11/2019',450,'es','fr');
INSERT INTO trip (userId, reasonId, origin, destination, startDate, endDate, price, originCountry, destinationCountry) VALUES (2,1,'Santiago','Munich','01/10/2019','09/11/2019',758,'es','de');
INSERT INTO trip (userId, reasonId, origin, destination, startDate, endDate, price, originCountry, destinationCountry) VALUES (15,3,'Vigo','Londres','21/01/2017','02/02/2021',88945,'pt','gb');
INSERT INTO trip (userId, reasonId, origin, destination, startDate, endDate, price, originCountry, destinationCountry) VALUES (15,1,'Londres','Cracovia','13/06/2019','17/06/2019',1000,'gb','pl');
INSERT INTO trip (userId, reasonId, origin, destination, startDate, endDate, price, originCountry, destinationCountry) VALUES (1,1,'Estrasburgo','Luxemburgo','09/09/2018','09/09/2018',105,'fr','lu');
INSERT INTO trip (userId, reasonId, origin, destination, startDate, endDate, price, originCountry, destinationCountry) VALUES (1,1,'Trento','Bled','20/10/2017','23/10/2017',427,'it','si');
INSERT INTO trip (userId, reasonId, origin, destination, startDate, endDate, price, originCountry, destinationCountry) VALUES (1,1,'Viena','Bratislava','17/11/2017','17/11/2017',63,'at','sk');
INSERT INTO trip (userId, reasonId, origin, destination, startDate, endDate, price, originCountry, destinationCountry) VALUES (1,1,'Praga','Viena','14/11/2017','20/11/2017',625,'cz','at');
INSERT INTO trip (userId, reasonId, origin, destination, startDate, endDate, price, originCountry, destinationCountry) VALUES (1,1,'Santiago de Compostela','Venecia','15/04/1995','19/04/1995',716,'es','it');
INSERT INTO trip (userId, reasonId, origin, destination, startDate, endDate, price, originCountry, destinationCountry) VALUES (1,1,'Santiago de Compostela','Estambul','10/02/2013','16/02/2013',1103,'es','tr');
INSERT INTO trip (userId, reasonId, origin, destination, startDate, endDate, price, originCountry, destinationCountry) VALUES (1,1,'Santiago de Compostela','Bruselas','20/07/2016','27/07/2016',745,'es','be');
INSERT INTO trip (userId, reasonId, origin, destination, startDate, endDate, price, originCountry, destinationCountry) VALUES (1,1,'Oporto','Amsterdam','20/07/2013','23/07/2013',526,'pt','nl');
INSERT INTO trip (userId, reasonId, origin, destination, startDate, endDate, price, originCountry, destinationCountry) VALUES (1,1,'Eindhoven','Budapest','23/07/2013','27/07/2013',578,'nl','hu');
INSERT INTO trip (userId, reasonId, origin, destination, startDate, endDate, price, originCountry, destinationCountry) VALUES (1,3,'A Coruña','Zaragoza','27/11/2015','29/11/2015',120,'es','es');
INSERT INTO trip (userId, reasonId, origin, destination, startDate, endDate, price, originCountry, destinationCountry) VALUES (1,1,'A Coruña','Barcelona','25/11/2017','26/11/2017',268,'es','es');
INSERT INTO trip (userId, reasonId, origin, destination, startDate, endDate, price, originCountry, destinationCountry) VALUES (1,3,'Santiago de Compostela','Valladolid','18/07/2015','19/07/2015',35,'es','es');
INSERT INTO trip (userId, reasonId, origin, destination, startDate, endDate, price, originCountry, destinationCountry) VALUES (2,1,'Santiago','Cancun','01/12/2019','13/12/2019',1354,'es','mx');
INSERT INTO trip (userId, reasonId, origin, destination, startDate, endDate, price, originCountry, destinationCountry) VALUES (2,1,'Santiago','Roma','01/12/2019','09/12/2019',875,'es','it');
INSERT INTO trip (userId, reasonId, origin, destination, startDate, endDate, price, originCountry, destinationCountry) VALUES (2,1,'Santiago','Varsovia','01/12/2019','09/12/2019',870,'es','pl');
INSERT INTO trip (userId, reasonId, origin, destination, startDate, endDate, price, originCountry, destinationCountry) VALUES (2,1,'Santiago','Viena','30/11/2019','30/11/2019',0,'es','at');
INSERT INTO trip (userId, reasonId, origin, destination, startDate, endDate, price, originCountry, destinationCountry) VALUES (2,1,'Santiago','Praga','30/11/2019','08/12/2019',900,'es','cz');
INSERT INTO trip (userId, reasonId, origin, destination, startDate, endDate, price, originCountry, destinationCountry) VALUES (2,1,'Santiago','Bratislava','30/11/2019','30/11/2019',0,'es','sk');
INSERT INTO trip (userId, reasonId, origin, destination, startDate, endDate, price, originCountry, destinationCountry) VALUES (2,1,'Santiago','Londres','30/10/2019','01/12/2019',250,'es','gb');
INSERT INTO trip (userId, reasonId, origin, destination, startDate, endDate, price, originCountry, destinationCountry) VALUES (2,1,'Santiago','Los Angeles','30/05/2020','21/06/2020',2300,'es','us');
INSERT INTO trip (userId, reasonId, origin, destination, startDate, endDate, price, originCountry, destinationCountry) VALUES (2,1,'Santiago','Punta Cana','30/11/2019','07/12/2019',1200,'es','do');
INSERT INTO trip (userId, reasonId, origin, destination, startDate, endDate, price, originCountry, destinationCountry) VALUES (2,1,'Santiago','Singapur','01/12/2019','01/12/2019',0,'es','sg');
INSERT INTO trip (userId, reasonId, origin, destination, startDate, endDate, price, originCountry, destinationCountry) VALUES (2,1,'Santiago','Yogyakarta','20/06/2019','27/07/2019',4000,'es','id');
INSERT INTO trip (userId, reasonId, origin, destination, startDate, endDate, price, originCountry, destinationCountry) VALUES (2,1,'Santiago','Ginebra','01/05/2019','05/05/2019',250,'es','ch');
INSERT INTO trip (userId, reasonId, origin, destination, startDate, endDate, price, originCountry, destinationCountry) VALUES (2,3,'Santiago','Lisboa','12/09/2019','15/09/2019',300,'es','pt');
INSERT INTO trip (userId, reasonId, origin, destination, startDate, endDate, price, originCountry, destinationCountry) VALUES (2,1,'Santiago','Kuala Lumpur','01/12/2019','01/12/2019',0,'my','my');
INSERT INTO trip (userId, reasonId, origin, destination, startDate, endDate, price, originCountry, destinationCountry) VALUES (2,1,'Santiago','Bled','30/11/2019','08/12/2019',857,'es','si');
INSERT INTO trip (userId, reasonId, origin, destination, startDate, endDate, price, originCountry, destinationCountry) VALUES (2,1,'Santiago','Split','01/12/2019','01/12/2019',0,'es','hr');
INSERT INTO trip (userId, reasonId, origin, destination, startDate, endDate, price, originCountry, destinationCountry) VALUES (2,1,'Santiago','Ella','01/12/2019','01/12/2019',0,'es','lk');
INSERT INTO trip (userId, reasonId, origin, destination, startDate, endDate, price, originCountry, destinationCountry) VALUES (2,1,'Santiago','Frankfurt','01/09/2018','17/09/2018',1450,'es','de');
INSERT INTO trip (userId, reasonId, origin, destination, startDate, endDate, price, originCountry, destinationCountry) VALUES (2,1,'Santiago','Luxemburgo','01/12/2019','01/12/2019',0,'es','lu');
INSERT INTO trip (userId, reasonId, origin, destination, startDate, endDate, price, originCountry, destinationCountry) VALUES (2,1,'Santiago','Gante','01/12/2019','01/12/2019',0,'es','be');
INSERT INTO trip (userId, reasonId, origin, destination, startDate, endDate, price, originCountry, destinationCountry) VALUES (2,1,'Santiago','Maastricht','08/12/2019','08/12/2019',0,'es','nl');
INSERT INTO trip (userId, reasonId, origin, destination, startDate, endDate, price, originCountry, destinationCountry) VALUES (2,1,'Santiago','Amman','30/11/2019','08/12/2019',1800,'es','jo');
INSERT INTO trip (userId, reasonId, origin, destination, startDate, endDate, price, originCountry, destinationCountry) VALUES (22,1,'BARCELONA','ESTAMBUL','05/11/2016','10/11/2016',600,'es','tr');
INSERT INTO trip (userId, reasonId, origin, destination, startDate, endDate, price, originCountry, destinationCountry) VALUES (23,1,'Madrid','Nueva York','30/12/2019','04/01/2020',2000,'es','us');
INSERT INTO trip (userId, reasonId, origin, destination, startDate, endDate, price, originCountry, destinationCountry) VALUES (26,1,'A Coruña','Santiago','12/10/2019','09/12/2019',30,'es','es');
INSERT INTO trip (userId, reasonId, origin, destination, startDate, endDate, price, originCountry, destinationCountry) VALUES (26,1,'A Coruña','visantoña','12/03/2012','15/04/2012',5,'ad','al');
INSERT INTO trip (userId, reasonId, origin, destination, startDate, endDate, price, originCountry, destinationCountry) VALUES (25,1,'Madrid','Bangkok','15/10/2017','05/11/2017',300,'es','th');
INSERT INTO trip (userId, reasonId, origin, destination, startDate, endDate, price, originCountry, destinationCountry) VALUES (22,1,'BARCELONA','TOKIO','26/07/2010','11/11/2010',2000,'es','jp');
INSERT INTO trip (userId, reasonId, origin, destination, startDate, endDate, price, originCountry, destinationCountry) VALUES (22,1,'TOKIO','TORONTO','11/11/2010','30/11/2010',1500,'jp','ca');
INSERT INTO trip (userId, reasonId, origin, destination, startDate, endDate, price, originCountry, destinationCountry) VALUES (22,1,'TORONTO','NEW YORK','30/11/2010','01/02/2011',3000,'ca','us');
INSERT INTO trip (userId, reasonId, origin, destination, startDate, endDate, price, originCountry, destinationCountry) VALUES (22,1,'MADRID','TIMBU','01/03/2017','01/04/2017',2000,'es','bt');
INSERT INTO trip (userId, reasonId, origin, destination, startDate, endDate, price, originCountry, destinationCountry) VALUES (27,3,'mi kel neno','akibahara','21/01/2029','22/02/2029',1,'si','jp');
INSERT INTO trip (userId, reasonId, origin, destination, startDate, endDate, price, originCountry, destinationCountry) VALUES (28,1,'santiago','cuba','24/04/2020','13/05/2020',1500,'es','cu');
INSERT INTO trip (userId, reasonId, origin, destination, startDate, endDate, price, originCountry, destinationCountry) VALUES (31,3,'Porto','Vila Nova de Gaia','18/12/2019','18/12/2019',1,'pt','pt');
INSERT INTO trip (userId, reasonId, origin, destination, startDate, endDate, price, originCountry, destinationCountry) VALUES (31,3,'Porto','Santiago','18/12/2019','19/12/2019',45,'pt','es');
INSERT INTO trip (userId, reasonId, origin, destination, startDate, endDate, price, originCountry, destinationCountry) VALUES (31,1,'Amsterdam','Berlin','20/12/2019','24/12/2019',450,'nl','de');
